""
""
"SepAuto Sala Ltd.","Sal@gmail.com","Approved"
"SepAuto Carisa Ltd.","Carisa@gmail.com","Approved"
"SepAuto Gonzalo Ltd.","Gonzalo@gmail.com","Approved"
"SepAuto Katlyn Ltd.","Katlyn@gmail.com","Approved"
"SepAuto Sal Ltd.","Sal@gmail.com","Approved"
"SepAuto Patrice Ltd.","Patrice@gmail.com","Approved"
"SepAuto Mckinley Ltd.","Mckinley@gmail.com","Approved"
"SepAuto Nathan Ltd.","Nathan@gmail.com","Approved"
"SepAuto Harrison Ltd.","Harrison@gmail.com","Approved"
"SepAuto Alane Ltd.","Alane@gmail.com","Approved"
"SepAuto Waneta Ltd.","Waneta@gmail.com","Approved"
"SepAuto Roger Ltd.","Roger@gmail.com","Approved"
"SepAuto Rupert Ltd.","Rupert@gmail.com","Approved"
"SepAuto Odis Ltd.","Odis@gmail.com","Approved"
"SepAuto Mason Ltd.","Mason@gmail.com","Approved"
"SepAuto Sol Ltd.","Sol@gmail.com","Approved"
"SepAuto Leann Ltd.","Leann@gmail.com","Approved"
"SepAuto Nolan Ltd.","Nolan@gmail.com","Approved"
"SepAuto Hector Ltd.","Hector@gmail.com","Approved"
"SepAuto Quinn Ltd.","Quinn@gmail.com","Approved"
"SepAuto Cory Ltd.","Cory@gmail.com","Approved"
"SepAuto Ed Ltd.","Ed@gmail.com","Approved"
"SepAuto Darius Ltd.","Darius@gmail.com","Approved"
